video_id,frame_index,frame_original,grupo,video_ruta,orig_upload,sly_name
0,0,0,aleatorio,data/raw/17Abril/Cámaras/IMG_9779.MOV,0000_0000.png,IMG_9779_f0000.png
0,1,36,aleatorio,data/raw/17Abril/Cámaras/IMG_9779.MOV,0000_0001.png,IMG_9779_f0036.png
0,2,72,aleatorio,data/raw/17Abril/Cámaras/IMG_9779.MOV,0000_0002.png,IMG_9779_f0072.png
0,3,108,aleatorio,data/raw/17Abril/Cámaras/IMG_9779.MOV,0000_0003.png,IMG_9779_f0108.png
0,4,144,aleatorio,data/raw/17Abril/Cámaras/IMG_9779.MOV,0000_0004.png,IMG_9779_f0144.png
0,5,180,aleatorio,data/raw/17Abril/Cámaras/IMG_9779.MOV,0000_0005.png,IMG_9779_f0180.png
0,6,216,aleatorio,data/raw/17Abril/Cámaras/IMG_9779.MOV,0000_0006.png,IMG_9779_f0216.png
0,7,252,aleatorio,data/raw/17Abril/Cámaras/IMG_9779.MOV,0000_0007.png,IMG_9779_f0252.png
0,8,288,aleatorio,data/raw/17Abril/Cámaras/IMG_9779.MOV,0000_0008.png,IMG_9779_f0288.png
0,9,324,aleatorio,data/raw/17Abril/Cámaras/IMG_9779.MOV,0000_0009.png,IMG_9779_f0324.png
0,10,360,aleatorio,data/raw/17Abril/Cámaras/IMG_9779.MOV,0000_0010.png,IMG_9779_f0360.png
0,11,396,aleatorio,data/raw/17Abril/Cámaras/IMG_9779.MOV,0000_0011.png,IMG_9779_f0396.png
0,12,432,aleatorio,data/raw/17Abril/Cámaras/IMG_9779.MOV,0000_0012.png,IMG_9779_f0432.png
0,13,468,aleatorio,data/raw/17Abril/Cámaras/IMG_9779.MOV,0000_0013.png,IMG_9779_f0468.png
0,14,504,aleatorio,data/raw/17Abril/Cámaras/IMG_9779.MOV,0000_0014.png,IMG_9779_f0504.png
0,15,539,aleatorio,data/raw/17Abril/Cámaras/IMG_9779.MOV,0000_0015.png,IMG_9779_f0539.png
0,16,575,aleatorio,data/raw/17Abril/Cámaras/IMG_9779.MOV,0000_0016.png,IMG_9779_f0575.png
0,17,611,aleatorio,data/raw/17Abril/Cámaras/IMG_9779.MOV,0000_0017.png,IMG_9779_f0611.png
0,18,647,aleatorio,data/raw/17Abril/Cámaras/IMG_9779.MOV,0000_0018.png,IMG_9779_f0647.png
0,19,683,aleatorio,data/raw/17Abril/Cámaras/IMG_9779.MOV,0000_0019.png,IMG_9779_f0683.png
0,20,719,aleatorio,data/raw/17Abril/Cámaras/IMG_9779.MOV,0000_0020.png,IMG_9779_f0719.png
0,21,755,aleatorio,data/raw/17Abril/Cámaras/IMG_9779.MOV,0000_0021.png,IMG_9779_f0755.png
0,22,791,aleatorio,data/raw/17Abril/Cámaras/IMG_9779.MOV,0000_0022.png,IMG_9779_f0791.png
0,23,827,aleatorio,data/raw/17Abril/Cámaras/IMG_9779.MOV,0000_0023.png,IMG_9779_f0827.png
0,24,863,aleatorio,data/raw/17Abril/Cámaras/IMG_9779.MOV,0000_0024.png,IMG_9779_f0863.png
0,25,899,aleatorio,data/raw/17Abril/Cámaras/IMG_9779.MOV,0000_0025.png,IMG_9779_f0899.png
0,26,935,aleatorio,data/raw/17Abril/Cámaras/IMG_9779.MOV,0000_0026.png,IMG_9779_f0935.png
0,27,971,aleatorio,data/raw/17Abril/Cámaras/IMG_9779.MOV,0000_0027.png,IMG_9779_f0971.png
0,28,1007,aleatorio,data/raw/17Abril/Cámaras/IMG_9779.MOV,0000_0028.png,IMG_9779_f1007.png
0,29,1043,aleatorio,data/raw/17Abril/Cámaras/IMG_9779.MOV,0000_0029.png,IMG_9779_f1043.png
2,0,0,aleatorio,data/raw/17Abril/Cámaras/IMG_9782.MOV,0002_0000.png,IMG_9782_f0000.png
2,1,9,aleatorio,data/raw/17Abril/Cámaras/IMG_9782.MOV,0002_0001.png,IMG_9782_f0009.png
2,2,17,aleatorio,data/raw/17Abril/Cámaras/IMG_9782.MOV,0002_0002.png,IMG_9782_f0017.png
2,3,26,aleatorio,data/raw/17Abril/Cámaras/IMG_9782.MOV,0002_0003.png,IMG_9782_f0026.png
2,4,34,aleatorio,data/raw/17Abril/Cámaras/IMG_9782.MOV,0002_0004.png,IMG_9782_f0034.png
2,5,43,aleatorio,data/raw/17Abril/Cámaras/IMG_9782.MOV,0002_0005.png,IMG_9782_f0043.png
2,6,51,aleatorio,data/raw/17Abril/Cámaras/IMG_9782.MOV,0002_0006.png,IMG_9782_f0051.png
2,7,60,aleatorio,data/raw/17Abril/Cámaras/IMG_9782.MOV,0002_0007.png,IMG_9782_f0060.png
2,8,68,aleatorio,data/raw/17Abril/Cámaras/IMG_9782.MOV,0002_0008.png,IMG_9782_f0068.png
2,9,77,aleatorio,data/raw/17Abril/Cámaras/IMG_9782.MOV,0002_0009.png,IMG_9782_f0077.png
2,10,85,aleatorio,data/raw/17Abril/Cámaras/IMG_9782.MOV,0002_0010.png,IMG_9782_f0085.png
2,11,94,aleatorio,data/raw/17Abril/Cámaras/IMG_9782.MOV,0002_0011.png,IMG_9782_f0094.png
2,12,102,aleatorio,data/raw/17Abril/Cámaras/IMG_9782.MOV,0002_0012.png,IMG_9782_f0102.png
2,13,111,aleatorio,data/raw/17Abril/Cámaras/IMG_9782.MOV,0002_0013.png,IMG_9782_f0111.png
2,14,119,aleatorio,data/raw/17Abril/Cámaras/IMG_9782.MOV,0002_0014.png,IMG_9782_f0119.png
2,15,128,aleatorio,data/raw/17Abril/Cámaras/IMG_9782.MOV,0002_0015.png,IMG_9782_f0128.png
2,16,136,aleatorio,data/raw/17Abril/Cámaras/IMG_9782.MOV,0002_0016.png,IMG_9782_f0136.png
2,17,145,aleatorio,data/raw/17Abril/Cámaras/IMG_9782.MOV,0002_0017.png,IMG_9782_f0145.png
2,18,153,aleatorio,data/raw/17Abril/Cámaras/IMG_9782.MOV,0002_0018.png,IMG_9782_f0153.png
2,19,162,aleatorio,data/raw/17Abril/Cámaras/IMG_9782.MOV,0002_0019.png,IMG_9782_f0162.png
2,20,170,aleatorio,data/raw/17Abril/Cámaras/IMG_9782.MOV,0002_0020.png,IMG_9782_f0170.png
2,21,179,aleatorio,data/raw/17Abril/Cámaras/IMG_9782.MOV,0002_0021.png,IMG_9782_f0179.png
2,22,187,aleatorio,data/raw/17Abril/Cámaras/IMG_9782.MOV,0002_0022.png,IMG_9782_f0187.png
2,23,196,aleatorio,data/raw/17Abril/Cámaras/IMG_9782.MOV,0002_0023.png,IMG_9782_f0196.png
2,24,204,aleatorio,data/raw/17Abril/Cámaras/IMG_9782.MOV,0002_0024.png,IMG_9782_f0204.png
2,25,213,aleatorio,data/raw/17Abril/Cámaras/IMG_9782.MOV,0002_0025.png,IMG_9782_f0213.png
2,26,221,aleatorio,data/raw/17Abril/Cámaras/IMG_9782.MOV,0002_0026.png,IMG_9782_f0221.png
2,27,230,aleatorio,data/raw/17Abril/Cámaras/IMG_9782.MOV,0002_0027.png,IMG_9782_f0230.png
2,28,238,aleatorio,data/raw/17Abril/Cámaras/IMG_9782.MOV,0002_0028.png,IMG_9782_f0238.png
2,29,247,aleatorio,data/raw/17Abril/Cámaras/IMG_9782.MOV,0002_0029.png,IMG_9782_f0247.png
3,0,0,aleatorio,data/raw/17Abril/Cámaras/IMG_9783.MOV,0003_0000.png,IMG_9783_f0000.png
3,1,19,aleatorio,data/raw/17Abril/Cámaras/IMG_9783.MOV,0003_0001.png,IMG_9783_f0019.png
3,2,38,aleatorio,data/raw/17Abril/Cámaras/IMG_9783.MOV,0003_0002.png,IMG_9783_f0038.png
3,3,58,aleatorio,data/raw/17Abril/Cámaras/IMG_9783.MOV,0003_0003.png,IMG_9783_f0058.png
3,4,77,aleatorio,data/raw/17Abril/Cámaras/IMG_9783.MOV,0003_0004.png,IMG_9783_f0077.png
3,5,96,aleatorio,data/raw/17Abril/Cámaras/IMG_9783.MOV,0003_0005.png,IMG_9783_f0096.png
3,6,115,aleatorio,data/raw/17Abril/Cámaras/IMG_9783.MOV,0003_0006.png,IMG_9783_f0115.png
3,7,134,aleatorio,data/raw/17Abril/Cámaras/IMG_9783.MOV,0003_0007.png,IMG_9783_f0134.png
3,8,154,aleatorio,data/raw/17Abril/Cámaras/IMG_9783.MOV,0003_0008.png,IMG_9783_f0154.png
3,9,173,aleatorio,data/raw/17Abril/Cámaras/IMG_9783.MOV,0003_0009.png,IMG_9783_f0173.png
3,10,192,aleatorio,data/raw/17Abril/Cámaras/IMG_9783.MOV,0003_0010.png,IMG_9783_f0192.png
3,11,211,aleatorio,data/raw/17Abril/Cámaras/IMG_9783.MOV,0003_0011.png,IMG_9783_f0211.png
3,12,230,aleatorio,data/raw/17Abril/Cámaras/IMG_9783.MOV,0003_0012.png,IMG_9783_f0230.png
3,13,250,aleatorio,data/raw/17Abril/Cámaras/IMG_9783.MOV,0003_0013.png,IMG_9783_f0250.png
3,14,269,aleatorio,data/raw/17Abril/Cámaras/IMG_9783.MOV,0003_0014.png,IMG_9783_f0269.png
3,15,288,aleatorio,data/raw/17Abril/Cámaras/IMG_9783.MOV,0003_0015.png,IMG_9783_f0288.png
3,16,307,aleatorio,data/raw/17Abril/Cámaras/IMG_9783.MOV,0003_0016.png,IMG_9783_f0307.png
3,17,327,aleatorio,data/raw/17Abril/Cámaras/IMG_9783.MOV,0003_0017.png,IMG_9783_f0327.png
3,18,346,aleatorio,data/raw/17Abril/Cámaras/IMG_9783.MOV,0003_0018.png,IMG_9783_f0346.png
3,19,365,aleatorio,data/raw/17Abril/Cámaras/IMG_9783.MOV,0003_0019.png,IMG_9783_f0365.png
3,20,384,aleatorio,data/raw/17Abril/Cámaras/IMG_9783.MOV,0003_0020.png,IMG_9783_f0384.png
3,21,403,aleatorio,data/raw/17Abril/Cámaras/IMG_9783.MOV,0003_0021.png,IMG_9783_f0403.png
3,22,423,aleatorio,data/raw/17Abril/Cámaras/IMG_9783.MOV,0003_0022.png,IMG_9783_f0423.png
3,23,442,aleatorio,data/raw/17Abril/Cámaras/IMG_9783.MOV,0003_0023.png,IMG_9783_f0442.png
3,24,461,aleatorio,data/raw/17Abril/Cámaras/IMG_9783.MOV,0003_0024.png,IMG_9783_f0461.png
3,25,480,aleatorio,data/raw/17Abril/Cámaras/IMG_9783.MOV,0003_0025.png,IMG_9783_f0480.png
3,26,499,aleatorio,data/raw/17Abril/Cámaras/IMG_9783.MOV,0003_0026.png,IMG_9783_f0499.png
3,27,519,aleatorio,data/raw/17Abril/Cámaras/IMG_9783.MOV,0003_0027.png,IMG_9783_f0519.png
3,28,538,aleatorio,data/raw/17Abril/Cámaras/IMG_9783.MOV,0003_0028.png,IMG_9783_f0538.png
3,29,557,aleatorio,data/raw/17Abril/Cámaras/IMG_9783.MOV,0003_0029.png,IMG_9783_f0557.png
20,0,0,aleatorio,data/raw/17Abril/Cámaras/IMG_9850.MOV,0020_0000.png,IMG_9850_f0000.png
20,1,32,aleatorio,data/raw/17Abril/Cámaras/IMG_9850.MOV,0020_0001.png,IMG_9850_f0032.png
20,2,65,aleatorio,data/raw/17Abril/Cámaras/IMG_9850.MOV,0020_0002.png,IMG_9850_f0065.png
20,3,97,aleatorio,data/raw/17Abril/Cámaras/IMG_9850.MOV,0020_0003.png,IMG_9850_f0097.png
20,4,129,aleatorio,data/raw/17Abril/Cámaras/IMG_9850.MOV,0020_0004.png,IMG_9850_f0129.png
20,5,162,aleatorio,data/raw/17Abril/Cámaras/IMG_9850.MOV,0020_0005.png,IMG_9850_f0162.png
20,6,194,aleatorio,data/raw/17Abril/Cámaras/IMG_9850.MOV,0020_0006.png,IMG_9850_f0194.png
20,7,226,aleatorio,data/raw/17Abril/Cámaras/IMG_9850.MOV,0020_0007.png,IMG_9850_f0226.png
20,8,258,aleatorio,data/raw/17Abril/Cámaras/IMG_9850.MOV,0020_0008.png,IMG_9850_f0258.png
20,9,291,aleatorio,data/raw/17Abril/Cámaras/IMG_9850.MOV,0020_0009.png,IMG_9850_f0291.png
20,10,323,aleatorio,data/raw/17Abril/Cámaras/IMG_9850.MOV,0020_0010.png,IMG_9850_f0323.png
20,11,355,aleatorio,data/raw/17Abril/Cámaras/IMG_9850.MOV,0020_0011.png,IMG_9850_f0355.png
20,12,388,aleatorio,data/raw/17Abril/Cámaras/IMG_9850.MOV,0020_0012.png,IMG_9850_f0388.png
20,13,420,aleatorio,data/raw/17Abril/Cámaras/IMG_9850.MOV,0020_0013.png,IMG_9850_f0420.png
20,14,452,aleatorio,data/raw/17Abril/Cámaras/IMG_9850.MOV,0020_0014.png,IMG_9850_f0452.png
20,15,485,aleatorio,data/raw/17Abril/Cámaras/IMG_9850.MOV,0020_0015.png,IMG_9850_f0485.png
20,16,517,aleatorio,data/raw/17Abril/Cámaras/IMG_9850.MOV,0020_0016.png,IMG_9850_f0517.png
20,17,549,aleatorio,data/raw/17Abril/Cámaras/IMG_9850.MOV,0020_0017.png,IMG_9850_f0549.png
20,18,582,aleatorio,data/raw/17Abril/Cámaras/IMG_9850.MOV,0020_0018.png,IMG_9850_f0582.png
20,19,614,aleatorio,data/raw/17Abril/Cámaras/IMG_9850.MOV,0020_0019.png,IMG_9850_f0614.png
20,20,646,aleatorio,data/raw/17Abril/Cámaras/IMG_9850.MOV,0020_0020.png,IMG_9850_f0646.png
20,21,679,aleatorio,data/raw/17Abril/Cámaras/IMG_9850.MOV,0020_0021.png,IMG_9850_f0679.png
20,22,711,aleatorio,data/raw/17Abril/Cámaras/IMG_9850.MOV,0020_0022.png,IMG_9850_f0711.png
20,23,743,aleatorio,data/raw/17Abril/Cámaras/IMG_9850.MOV,0020_0023.png,IMG_9850_f0743.png
20,24,775,aleatorio,data/raw/17Abril/Cámaras/IMG_9850.MOV,0020_0024.png,IMG_9850_f0775.png
20,25,808,aleatorio,data/raw/17Abril/Cámaras/IMG_9850.MOV,0020_0025.png,IMG_9850_f0808.png
20,26,840,aleatorio,data/raw/17Abril/Cámaras/IMG_9850.MOV,0020_0026.png,IMG_9850_f0840.png
20,27,872,aleatorio,data/raw/17Abril/Cámaras/IMG_9850.MOV,0020_0027.png,IMG_9850_f0872.png
20,28,905,aleatorio,data/raw/17Abril/Cámaras/IMG_9850.MOV,0020_0028.png,IMG_9850_f0905.png
20,29,937,aleatorio,data/raw/17Abril/Cámaras/IMG_9850.MOV,0020_0029.png,IMG_9850_f0937.png
24,0,0,aleatorio,data/raw/17Abril/Cámaras/IMG_9854.MOV,0024_0000.png,IMG_9854_f0000.png
24,1,24,aleatorio,data/raw/17Abril/Cámaras/IMG_9854.MOV,0024_0001.png,IMG_9854_f0024.png
24,2,48,aleatorio,data/raw/17Abril/Cámaras/IMG_9854.MOV,0024_0002.png,IMG_9854_f0048.png
24,3,72,aleatorio,data/raw/17Abril/Cámaras/IMG_9854.MOV,0024_0003.png,IMG_9854_f0072.png
24,4,96,aleatorio,data/raw/17Abril/Cámaras/IMG_9854.MOV,0024_0004.png,IMG_9854_f0096.png
24,5,121,aleatorio,data/raw/17Abril/Cámaras/IMG_9854.MOV,0024_0005.png,IMG_9854_f0121.png
24,6,145,aleatorio,data/raw/17Abril/Cámaras/IMG_9854.MOV,0024_0006.png,IMG_9854_f0145.png
24,7,169,aleatorio,data/raw/17Abril/Cámaras/IMG_9854.MOV,0024_0007.png,IMG_9854_f0169.png
24,8,193,aleatorio,data/raw/17Abril/Cámaras/IMG_9854.MOV,0024_0008.png,IMG_9854_f0193.png
24,9,217,aleatorio,data/raw/17Abril/Cámaras/IMG_9854.MOV,0024_0009.png,IMG_9854_f0217.png
24,10,241,aleatorio,data/raw/17Abril/Cámaras/IMG_9854.MOV,0024_0010.png,IMG_9854_f0241.png
24,11,265,aleatorio,data/raw/17Abril/Cámaras/IMG_9854.MOV,0024_0011.png,IMG_9854_f0265.png
24,12,289,aleatorio,data/raw/17Abril/Cámaras/IMG_9854.MOV,0024_0012.png,IMG_9854_f0289.png
24,13,313,aleatorio,data/raw/17Abril/Cámaras/IMG_9854.MOV,0024_0013.png,IMG_9854_f0313.png
24,14,337,aleatorio,data/raw/17Abril/Cámaras/IMG_9854.MOV,0024_0014.png,IMG_9854_f0337.png
24,15,362,aleatorio,data/raw/17Abril/Cámaras/IMG_9854.MOV,0024_0015.png,IMG_9854_f0362.png
24,16,386,aleatorio,data/raw/17Abril/Cámaras/IMG_9854.MOV,0024_0016.png,IMG_9854_f0386.png
24,17,410,aleatorio,data/raw/17Abril/Cámaras/IMG_9854.MOV,0024_0017.png,IMG_9854_f0410.png
24,18,434,aleatorio,data/raw/17Abril/Cámaras/IMG_9854.MOV,0024_0018.png,IMG_9854_f0434.png
24,19,458,aleatorio,data/raw/17Abril/Cámaras/IMG_9854.MOV,0024_0019.png,IMG_9854_f0458.png
24,20,482,aleatorio,data/raw/17Abril/Cámaras/IMG_9854.MOV,0024_0020.png,IMG_9854_f0482.png
24,21,506,aleatorio,data/raw/17Abril/Cámaras/IMG_9854.MOV,0024_0021.png,IMG_9854_f0506.png
24,22,530,aleatorio,data/raw/17Abril/Cámaras/IMG_9854.MOV,0024_0022.png,IMG_9854_f0530.png
24,23,554,aleatorio,data/raw/17Abril/Cámaras/IMG_9854.MOV,0024_0023.png,IMG_9854_f0554.png
24,24,578,aleatorio,data/raw/17Abril/Cámaras/IMG_9854.MOV,0024_0024.png,IMG_9854_f0578.png
24,25,603,aleatorio,data/raw/17Abril/Cámaras/IMG_9854.MOV,0024_0025.png,IMG_9854_f0603.png
24,26,627,aleatorio,data/raw/17Abril/Cámaras/IMG_9854.MOV,0024_0026.png,IMG_9854_f0627.png
24,27,651,aleatorio,data/raw/17Abril/Cámaras/IMG_9854.MOV,0024_0027.png,IMG_9854_f0651.png
24,28,675,aleatorio,data/raw/17Abril/Cámaras/IMG_9854.MOV,0024_0028.png,IMG_9854_f0675.png
24,29,699,aleatorio,data/raw/17Abril/Cámaras/IMG_9854.MOV,0024_0029.png,IMG_9854_f0699.png
25,0,0,aleatorio,data/raw/17Abril/Cámaras/IMG_9855.MOV,0025_0000.png,IMG_9855_f0000.png
25,1,67,aleatorio,data/raw/17Abril/Cámaras/IMG_9855.MOV,0025_0001.png,IMG_9855_f0067.png
25,2,134,aleatorio,data/raw/17Abril/Cámaras/IMG_9855.MOV,0025_0002.png,IMG_9855_f0134.png
25,3,201,aleatorio,data/raw/17Abril/Cámaras/IMG_9855.MOV,0025_0003.png,IMG_9855_f0201.png
25,4,268,aleatorio,data/raw/17Abril/Cámaras/IMG_9855.MOV,0025_0004.png,IMG_9855_f0268.png
25,5,335,aleatorio,data/raw/17Abril/Cámaras/IMG_9855.MOV,0025_0005.png,IMG_9855_f0335.png
25,6,402,aleatorio,data/raw/17Abril/Cámaras/IMG_9855.MOV,0025_0006.png,IMG_9855_f0402.png
25,7,469,aleatorio,data/raw/17Abril/Cámaras/IMG_9855.MOV,0025_0007.png,IMG_9855_f0469.png
25,8,536,aleatorio,data/raw/17Abril/Cámaras/IMG_9855.MOV,0025_0008.png,IMG_9855_f0536.png
25,9,603,aleatorio,data/raw/17Abril/Cámaras/IMG_9855.MOV,0025_0009.png,IMG_9855_f0603.png
25,10,670,aleatorio,data/raw/17Abril/Cámaras/IMG_9855.MOV,0025_0010.png,IMG_9855_f0670.png
25,11,737,aleatorio,data/raw/17Abril/Cámaras/IMG_9855.MOV,0025_0011.png,IMG_9855_f0737.png
25,12,804,aleatorio,data/raw/17Abril/Cámaras/IMG_9855.MOV,0025_0012.png,IMG_9855_f0804.png
25,13,871,aleatorio,data/raw/17Abril/Cámaras/IMG_9855.MOV,0025_0013.png,IMG_9855_f0871.png
25,14,938,aleatorio,data/raw/17Abril/Cámaras/IMG_9855.MOV,0025_0014.png,IMG_9855_f0938.png
25,15,1005,aleatorio,data/raw/17Abril/Cámaras/IMG_9855.MOV,0025_0015.png,IMG_9855_f1005.png
25,16,1072,aleatorio,data/raw/17Abril/Cámaras/IMG_9855.MOV,0025_0016.png,IMG_9855_f1072.png
25,17,1139,aleatorio,data/raw/17Abril/Cámaras/IMG_9855.MOV,0025_0017.png,IMG_9855_f1139.png
25,18,1206,aleatorio,data/raw/17Abril/Cámaras/IMG_9855.MOV,0025_0018.png,IMG_9855_f1206.png
25,19,1273,aleatorio,data/raw/17Abril/Cámaras/IMG_9855.MOV,0025_0019.png,IMG_9855_f1273.png
25,20,1340,aleatorio,data/raw/17Abril/Cámaras/IMG_9855.MOV,0025_0020.png,IMG_9855_f1340.png
25,21,1407,aleatorio,data/raw/17Abril/Cámaras/IMG_9855.MOV,0025_0021.png,IMG_9855_f1407.png
25,22,1474,aleatorio,data/raw/17Abril/Cámaras/IMG_9855.MOV,0025_0022.png,IMG_9855_f1474.png
25,23,1541,aleatorio,data/raw/17Abril/Cámaras/IMG_9855.MOV,0025_0023.png,IMG_9855_f1541.png
25,24,1608,aleatorio,data/raw/17Abril/Cámaras/IMG_9855.MOV,0025_0024.png,IMG_9855_f1608.png
25,25,1675,aleatorio,data/raw/17Abril/Cámaras/IMG_9855.MOV,0025_0025.png,IMG_9855_f1675.png
25,26,1742,aleatorio,data/raw/17Abril/Cámaras/IMG_9855.MOV,0025_0026.png,IMG_9855_f1742.png
25,27,1809,aleatorio,data/raw/17Abril/Cámaras/IMG_9855.MOV,0025_0027.png,IMG_9855_f1809.png
25,28,1876,aleatorio,data/raw/17Abril/Cámaras/IMG_9855.MOV,0025_0028.png,IMG_9855_f1876.png
25,29,1943,aleatorio,data/raw/17Abril/Cámaras/IMG_9855.MOV,0025_0029.png,IMG_9855_f1943.png
37,0,0,aleatorio,data/raw/17Abril/Cámaras/IMG_9871.MOV,0037_0000.png,IMG_9871_f0000.png
37,1,7,aleatorio,data/raw/17Abril/Cámaras/IMG_9871.MOV,0037_0001.png,IMG_9871_f0007.png
37,2,15,aleatorio,data/raw/17Abril/Cámaras/IMG_9871.MOV,0037_0002.png,IMG_9871_f0015.png
37,3,22,aleatorio,data/raw/17Abril/Cámaras/IMG_9871.MOV,0037_0003.png,IMG_9871_f0022.png
37,4,29,aleatorio,data/raw/17Abril/Cámaras/IMG_9871.MOV,0037_0004.png,IMG_9871_f0029.png
37,5,37,aleatorio,data/raw/17Abril/Cámaras/IMG_9871.MOV,0037_0005.png,IMG_9871_f0037.png
37,6,44,aleatorio,data/raw/17Abril/Cámaras/IMG_9871.MOV,0037_0006.png,IMG_9871_f0044.png
37,7,51,aleatorio,data/raw/17Abril/Cámaras/IMG_9871.MOV,0037_0007.png,IMG_9871_f0051.png
37,8,58,aleatorio,data/raw/17Abril/Cámaras/IMG_9871.MOV,0037_0008.png,IMG_9871_f0058.png
37,9,66,aleatorio,data/raw/17Abril/Cámaras/IMG_9871.MOV,0037_0009.png,IMG_9871_f0066.png
37,10,73,aleatorio,data/raw/17Abril/Cámaras/IMG_9871.MOV,0037_0010.png,IMG_9871_f0073.png
37,11,80,aleatorio,data/raw/17Abril/Cámaras/IMG_9871.MOV,0037_0011.png,IMG_9871_f0080.png
37,12,88,aleatorio,data/raw/17Abril/Cámaras/IMG_9871.MOV,0037_0012.png,IMG_9871_f0088.png
37,13,95,aleatorio,data/raw/17Abril/Cámaras/IMG_9871.MOV,0037_0013.png,IMG_9871_f0095.png
37,14,102,aleatorio,data/raw/17Abril/Cámaras/IMG_9871.MOV,0037_0014.png,IMG_9871_f0102.png
37,15,110,aleatorio,data/raw/17Abril/Cámaras/IMG_9871.MOV,0037_0015.png,IMG_9871_f0110.png
37,16,117,aleatorio,data/raw/17Abril/Cámaras/IMG_9871.MOV,0037_0016.png,IMG_9871_f0117.png
37,17,124,aleatorio,data/raw/17Abril/Cámaras/IMG_9871.MOV,0037_0017.png,IMG_9871_f0124.png
37,18,132,aleatorio,data/raw/17Abril/Cámaras/IMG_9871.MOV,0037_0018.png,IMG_9871_f0132.png
37,19,139,aleatorio,data/raw/17Abril/Cámaras/IMG_9871.MOV,0037_0019.png,IMG_9871_f0139.png
37,20,146,aleatorio,data/raw/17Abril/Cámaras/IMG_9871.MOV,0037_0020.png,IMG_9871_f0146.png
37,21,154,aleatorio,data/raw/17Abril/Cámaras/IMG_9871.MOV,0037_0021.png,IMG_9871_f0154.png
37,22,161,aleatorio,data/raw/17Abril/Cámaras/IMG_9871.MOV,0037_0022.png,IMG_9871_f0161.png
37,23,168,aleatorio,data/raw/17Abril/Cámaras/IMG_9871.MOV,0037_0023.png,IMG_9871_f0168.png
37,24,175,aleatorio,data/raw/17Abril/Cámaras/IMG_9871.MOV,0037_0024.png,IMG_9871_f0175.png
37,25,183,aleatorio,data/raw/17Abril/Cámaras/IMG_9871.MOV,0037_0025.png,IMG_9871_f0183.png
37,26,190,aleatorio,data/raw/17Abril/Cámaras/IMG_9871.MOV,0037_0026.png,IMG_9871_f0190.png
37,27,197,aleatorio,data/raw/17Abril/Cámaras/IMG_9871.MOV,0037_0027.png,IMG_9871_f0197.png
37,28,205,aleatorio,data/raw/17Abril/Cámaras/IMG_9871.MOV,0037_0028.png,IMG_9871_f0205.png
37,29,212,aleatorio,data/raw/17Abril/Cámaras/IMG_9871.MOV,0037_0029.png,IMG_9871_f0212.png
45,0,0,aleatorio,data/raw/17Abril/video-348_singular_display.mov,0045_0000.png,video-348_singular_display_f0000.png
45,1,39,aleatorio,data/raw/17Abril/video-348_singular_display.mov,0045_0001.png,video-348_singular_display_f0039.png
45,2,78,aleatorio,data/raw/17Abril/video-348_singular_display.mov,0045_0002.png,video-348_singular_display_f0078.png
45,3,117,aleatorio,data/raw/17Abril/video-348_singular_display.mov,0045_0003.png,video-348_singular_display_f0117.png
45,4,156,aleatorio,data/raw/17Abril/video-348_singular_display.mov,0045_0004.png,video-348_singular_display_f0156.png
45,5,195,aleatorio,data/raw/17Abril/video-348_singular_display.mov,0045_0005.png,video-348_singular_display_f0195.png
45,6,234,aleatorio,data/raw/17Abril/video-348_singular_display.mov,0045_0006.png,video-348_singular_display_f0234.png
45,7,273,aleatorio,data/raw/17Abril/video-348_singular_display.mov,0045_0007.png,video-348_singular_display_f0273.png
45,8,312,aleatorio,data/raw/17Abril/video-348_singular_display.mov,0045_0008.png,video-348_singular_display_f0312.png
45,9,351,aleatorio,data/raw/17Abril/video-348_singular_display.mov,0045_0009.png,video-348_singular_display_f0351.png
45,10,390,aleatorio,data/raw/17Abril/video-348_singular_display.mov,0045_0010.png,video-348_singular_display_f0390.png
45,11,429,aleatorio,data/raw/17Abril/video-348_singular_display.mov,0045_0011.png,video-348_singular_display_f0429.png
45,12,468,aleatorio,data/raw/17Abril/video-348_singular_display.mov,0045_0012.png,video-348_singular_display_f0468.png
45,13,507,aleatorio,data/raw/17Abril/video-348_singular_display.mov,0045_0013.png,video-348_singular_display_f0507.png
45,14,546,aleatorio,data/raw/17Abril/video-348_singular_display.mov,0045_0014.png,video-348_singular_display_f0546.png
45,15,585,aleatorio,data/raw/17Abril/video-348_singular_display.mov,0045_0015.png,video-348_singular_display_f0585.png
45,16,624,aleatorio,data/raw/17Abril/video-348_singular_display.mov,0045_0016.png,video-348_singular_display_f0624.png
45,17,663,aleatorio,data/raw/17Abril/video-348_singular_display.mov,0045_0017.png,video-348_singular_display_f0663.png
45,18,702,aleatorio,data/raw/17Abril/video-348_singular_display.mov,0045_0018.png,video-348_singular_display_f0702.png
45,19,741,aleatorio,data/raw/17Abril/video-348_singular_display.mov,0045_0019.png,video-348_singular_display_f0741.png
45,20,780,aleatorio,data/raw/17Abril/video-348_singular_display.mov,0045_0020.png,video-348_singular_display_f0780.png
45,21,819,aleatorio,data/raw/17Abril/video-348_singular_display.mov,0045_0021.png,video-348_singular_display_f0819.png
45,22,858,aleatorio,data/raw/17Abril/video-348_singular_display.mov,0045_0022.png,video-348_singular_display_f0858.png
45,23,897,aleatorio,data/raw/17Abril/video-348_singular_display.mov,0045_0023.png,video-348_singular_display_f0897.png
45,24,936,aleatorio,data/raw/17Abril/video-348_singular_display.mov,0045_0024.png,video-348_singular_display_f0936.png
45,25,975,aleatorio,data/raw/17Abril/video-348_singular_display.mov,0045_0025.png,video-348_singular_display_f0975.png
45,26,1014,aleatorio,data/raw/17Abril/video-348_singular_display.mov,0045_0026.png,video-348_singular_display_f1014.png
45,27,1053,aleatorio,data/raw/17Abril/video-348_singular_display.mov,0045_0027.png,video-348_singular_display_f1053.png
45,28,1092,aleatorio,data/raw/17Abril/video-348_singular_display.mov,0045_0028.png,video-348_singular_display_f1092.png
45,29,1131,aleatorio,data/raw/17Abril/video-348_singular_display.mov,0045_0029.png,video-348_singular_display_f1131.png
46,0,0,aleatorio,data/raw/17Abril/video-351_singular_display.mov,0046_0000.png,video-351_singular_display_f0000.png
46,1,49,aleatorio,data/raw/17Abril/video-351_singular_display.mov,0046_0001.png,video-351_singular_display_f0049.png
46,2,97,aleatorio,data/raw/17Abril/video-351_singular_display.mov,0046_0002.png,video-351_singular_display_f0097.png
46,3,146,aleatorio,data/raw/17Abril/video-351_singular_display.mov,0046_0003.png,video-351_singular_display_f0146.png
46,4,194,aleatorio,data/raw/17Abril/video-351_singular_display.mov,0046_0004.png,video-351_singular_display_f0194.png
46,5,243,aleatorio,data/raw/17Abril/video-351_singular_display.mov,0046_0005.png,video-351_singular_display_f0243.png
46,6,291,aleatorio,data/raw/17Abril/video-351_singular_display.mov,0046_0006.png,video-351_singular_display_f0291.png
46,7,340,aleatorio,data/raw/17Abril/video-351_singular_display.mov,0046_0007.png,video-351_singular_display_f0340.png
46,8,388,aleatorio,data/raw/17Abril/video-351_singular_display.mov,0046_0008.png,video-351_singular_display_f0388.png
46,9,437,aleatorio,data/raw/17Abril/video-351_singular_display.mov,0046_0009.png,video-351_singular_display_f0437.png
46,10,485,aleatorio,data/raw/17Abril/video-351_singular_display.mov,0046_0010.png,video-351_singular_display_f0485.png
46,11,534,aleatorio,data/raw/17Abril/video-351_singular_display.mov,0046_0011.png,video-351_singular_display_f0534.png
46,12,582,aleatorio,data/raw/17Abril/video-351_singular_display.mov,0046_0012.png,video-351_singular_display_f0582.png
46,13,631,aleatorio,data/raw/17Abril/video-351_singular_display.mov,0046_0013.png,video-351_singular_display_f0631.png
46,14,679,aleatorio,data/raw/17Abril/video-351_singular_display.mov,0046_0014.png,video-351_singular_display_f0679.png
46,15,728,aleatorio,data/raw/17Abril/video-351_singular_display.mov,0046_0015.png,video-351_singular_display_f0728.png
46,16,776,aleatorio,data/raw/17Abril/video-351_singular_display.mov,0046_0016.png,video-351_singular_display_f0776.png
46,17,825,aleatorio,data/raw/17Abril/video-351_singular_display.mov,0046_0017.png,video-351_singular_display_f0825.png
46,18,873,aleatorio,data/raw/17Abril/video-351_singular_display.mov,0046_0018.png,video-351_singular_display_f0873.png
46,19,922,aleatorio,data/raw/17Abril/video-351_singular_display.mov,0046_0019.png,video-351_singular_display_f0922.png
46,20,970,aleatorio,data/raw/17Abril/video-351_singular_display.mov,0046_0020.png,video-351_singular_display_f0970.png
46,21,1019,aleatorio,data/raw/17Abril/video-351_singular_display.mov,0046_0021.png,video-351_singular_display_f1019.png
46,22,1067,aleatorio,data/raw/17Abril/video-351_singular_display.mov,0046_0022.png,video-351_singular_display_f1067.png
46,23,1116,aleatorio,data/raw/17Abril/video-351_singular_display.mov,0046_0023.png,video-351_singular_display_f1116.png
46,24,1164,aleatorio,data/raw/17Abril/video-351_singular_display.mov,0046_0024.png,video-351_singular_display_f1164.png
46,25,1213,aleatorio,data/raw/17Abril/video-351_singular_display.mov,0046_0025.png,video-351_singular_display_f1213.png
46,26,1261,aleatorio,data/raw/17Abril/video-351_singular_display.mov,0046_0026.png,video-351_singular_display_f1261.png
46,27,1310,aleatorio,data/raw/17Abril/video-351_singular_display.mov,0046_0027.png,video-351_singular_display_f1310.png
46,28,1358,aleatorio,data/raw/17Abril/video-351_singular_display.mov,0046_0028.png,video-351_singular_display_f1358.png
46,29,1407,aleatorio,data/raw/17Abril/video-351_singular_display.mov,0046_0029.png,video-351_singular_display_f1407.png
56,0,0,aleatorio,data/raw/17Abril/video-488_singular_display.mov,0056_0000.png,video-488_singular_display_f0000.png
56,1,56,aleatorio,data/raw/17Abril/video-488_singular_display.mov,0056_0001.png,video-488_singular_display_f0056.png
56,2,111,aleatorio,data/raw/17Abril/video-488_singular_display.mov,0056_0002.png,video-488_singular_display_f0111.png
56,3,167,aleatorio,data/raw/17Abril/video-488_singular_display.mov,0056_0003.png,video-488_singular_display_f0167.png
56,4,222,aleatorio,data/raw/17Abril/video-488_singular_display.mov,0056_0004.png,video-488_singular_display_f0222.png
56,5,278,aleatorio,data/raw/17Abril/video-488_singular_display.mov,0056_0005.png,video-488_singular_display_f0278.png
56,6,334,aleatorio,data/raw/17Abril/video-488_singular_display.mov,0056_0006.png,video-488_singular_display_f0334.png
56,7,389,aleatorio,data/raw/17Abril/video-488_singular_display.mov,0056_0007.png,video-488_singular_display_f0389.png
56,8,445,aleatorio,data/raw/17Abril/video-488_singular_display.mov,0056_0008.png,video-488_singular_display_f0445.png
56,9,500,aleatorio,data/raw/17Abril/video-488_singular_display.mov,0056_0009.png,video-488_singular_display_f0500.png
56,10,556,aleatorio,data/raw/17Abril/video-488_singular_display.mov,0056_0010.png,video-488_singular_display_f0556.png
56,11,611,aleatorio,data/raw/17Abril/video-488_singular_display.mov,0056_0011.png,video-488_singular_display_f0611.png
56,12,667,aleatorio,data/raw/17Abril/video-488_singular_display.mov,0056_0012.png,video-488_singular_display_f0667.png
56,13,723,aleatorio,data/raw/17Abril/video-488_singular_display.mov,0056_0013.png,video-488_singular_display_f0723.png
56,14,778,aleatorio,data/raw/17Abril/video-488_singular_display.mov,0056_0014.png,video-488_singular_display_f0778.png
56,15,834,aleatorio,data/raw/17Abril/video-488_singular_display.mov,0056_0015.png,video-488_singular_display_f0834.png
56,16,889,aleatorio,data/raw/17Abril/video-488_singular_display.mov,0056_0016.png,video-488_singular_display_f0889.png
56,17,945,aleatorio,data/raw/17Abril/video-488_singular_display.mov,0056_0017.png,video-488_singular_display_f0945.png
56,18,1001,aleatorio,data/raw/17Abril/video-488_singular_display.mov,0056_0018.png,video-488_singular_display_f1001.png
56,19,1056,aleatorio,data/raw/17Abril/video-488_singular_display.mov,0056_0019.png,video-488_singular_display_f1056.png
56,20,1112,aleatorio,data/raw/17Abril/video-488_singular_display.mov,0056_0020.png,video-488_singular_display_f1112.png
56,21,1167,aleatorio,data/raw/17Abril/video-488_singular_display.mov,0056_0021.png,video-488_singular_display_f1167.png
56,22,1223,aleatorio,data/raw/17Abril/video-488_singular_display.mov,0056_0022.png,video-488_singular_display_f1223.png
56,23,1278,aleatorio,data/raw/17Abril/video-488_singular_display.mov,0056_0023.png,video-488_singular_display_f1278.png
56,24,1334,aleatorio,data/raw/17Abril/video-488_singular_display.mov,0056_0024.png,video-488_singular_display_f1334.png
56,25,1390,aleatorio,data/raw/17Abril/video-488_singular_display.mov,0056_0025.png,video-488_singular_display_f1390.png
56,26,1445,aleatorio,data/raw/17Abril/video-488_singular_display.mov,0056_0026.png,video-488_singular_display_f1445.png
56,27,1501,aleatorio,data/raw/17Abril/video-488_singular_display.mov,0056_0027.png,video-488_singular_display_f1501.png
56,28,1556,aleatorio,data/raw/17Abril/video-488_singular_display.mov,0056_0028.png,video-488_singular_display_f1556.png
56,29,1612,aleatorio,data/raw/17Abril/video-488_singular_display.mov,0056_0029.png,video-488_singular_display_f1612.png
69,0,0,aleatorio,data/raw/17Abril/video-578_singular_display.mov,0069_0000.png,video-578_singular_display_f0000.png
69,1,73,aleatorio,data/raw/17Abril/video-578_singular_display.mov,0069_0001.png,video-578_singular_display_f0073.png
69,2,146,aleatorio,data/raw/17Abril/video-578_singular_display.mov,0069_0002.png,video-578_singular_display_f0146.png
69,3,219,aleatorio,data/raw/17Abril/video-578_singular_display.mov,0069_0003.png,video-578_singular_display_f0219.png
69,4,292,aleatorio,data/raw/17Abril/video-578_singular_display.mov,0069_0004.png,video-578_singular_display_f0292.png
69,5,365,aleatorio,data/raw/17Abril/video-578_singular_display.mov,0069_0005.png,video-578_singular_display_f0365.png
69,6,438,aleatorio,data/raw/17Abril/video-578_singular_display.mov,0069_0006.png,video-578_singular_display_f0438.png
69,7,511,aleatorio,data/raw/17Abril/video-578_singular_display.mov,0069_0007.png,video-578_singular_display_f0511.png
69,8,584,aleatorio,data/raw/17Abril/video-578_singular_display.mov,0069_0008.png,video-578_singular_display_f0584.png
69,9,657,aleatorio,data/raw/17Abril/video-578_singular_display.mov,0069_0009.png,video-578_singular_display_f0657.png
69,10,730,aleatorio,data/raw/17Abril/video-578_singular_display.mov,0069_0010.png,video-578_singular_display_f0730.png
69,11,803,aleatorio,data/raw/17Abril/video-578_singular_display.mov,0069_0011.png,video-578_singular_display_f0803.png
69,12,876,aleatorio,data/raw/17Abril/video-578_singular_display.mov,0069_0012.png,video-578_singular_display_f0876.png
69,13,949,aleatorio,data/raw/17Abril/video-578_singular_display.mov,0069_0013.png,video-578_singular_display_f0949.png
69,14,1022,aleatorio,data/raw/17Abril/video-578_singular_display.mov,0069_0014.png,video-578_singular_display_f1022.png
69,15,1094,aleatorio,data/raw/17Abril/video-578_singular_display.mov,0069_0015.png,video-578_singular_display_f1094.png
69,16,1167,aleatorio,data/raw/17Abril/video-578_singular_display.mov,0069_0016.png,video-578_singular_display_f1167.png
69,17,1240,aleatorio,data/raw/17Abril/video-578_singular_display.mov,0069_0017.png,video-578_singular_display_f1240.png
69,18,1313,aleatorio,data/raw/17Abril/video-578_singular_display.mov,0069_0018.png,video-578_singular_display_f1313.png
69,19,1386,aleatorio,data/raw/17Abril/video-578_singular_display.mov,0069_0019.png,video-578_singular_display_f1386.png
69,20,1459,aleatorio,data/raw/17Abril/video-578_singular_display.mov,0069_0020.png,video-578_singular_display_f1459.png
69,21,1532,aleatorio,data/raw/17Abril/video-578_singular_display.mov,0069_0021.png,video-578_singular_display_f1532.png
69,22,1605,aleatorio,data/raw/17Abril/video-578_singular_display.mov,0069_0022.png,video-578_singular_display_f1605.png
69,23,1678,aleatorio,data/raw/17Abril/video-578_singular_display.mov,0069_0023.png,video-578_singular_display_f1678.png
69,24,1751,aleatorio,data/raw/17Abril/video-578_singular_display.mov,0069_0024.png,video-578_singular_display_f1751.png
69,25,1824,aleatorio,data/raw/17Abril/video-578_singular_display.mov,0069_0025.png,video-578_singular_display_f1824.png
69,26,1897,aleatorio,data/raw/17Abril/video-578_singular_display.mov,0069_0026.png,video-578_singular_display_f1897.png
69,27,1970,aleatorio,data/raw/17Abril/video-578_singular_display.mov,0069_0027.png,video-578_singular_display_f1970.png
69,28,2043,aleatorio,data/raw/17Abril/video-578_singular_display.mov,0069_0028.png,video-578_singular_display_f2043.png
69,29,2116,aleatorio,data/raw/17Abril/video-578_singular_display.mov,0069_0029.png,video-578_singular_display_f2116.png
71,0,0,aleatorio,data/raw/17Abril/video-597_singular_display.mov,0071_0000.png,video-597_singular_display_f0000.png
71,1,22,aleatorio,data/raw/17Abril/video-597_singular_display.mov,0071_0001.png,video-597_singular_display_f0022.png
71,2,44,aleatorio,data/raw/17Abril/video-597_singular_display.mov,0071_0002.png,video-597_singular_display_f0044.png
71,3,66,aleatorio,data/raw/17Abril/video-597_singular_display.mov,0071_0003.png,video-597_singular_display_f0066.png
71,4,88,aleatorio,data/raw/17Abril/video-597_singular_display.mov,0071_0004.png,video-597_singular_display_f0088.png
71,5,110,aleatorio,data/raw/17Abril/video-597_singular_display.mov,0071_0005.png,video-597_singular_display_f0110.png
71,6,132,aleatorio,data/raw/17Abril/video-597_singular_display.mov,0071_0006.png,video-597_singular_display_f0132.png
71,7,154,aleatorio,data/raw/17Abril/video-597_singular_display.mov,0071_0007.png,video-597_singular_display_f0154.png
71,8,177,aleatorio,data/raw/17Abril/video-597_singular_display.mov,0071_0008.png,video-597_singular_display_f0177.png
71,9,199,aleatorio,data/raw/17Abril/video-597_singular_display.mov,0071_0009.png,video-597_singular_display_f0199.png
71,10,221,aleatorio,data/raw/17Abril/video-597_singular_display.mov,0071_0010.png,video-597_singular_display_f0221.png
71,11,243,aleatorio,data/raw/17Abril/video-597_singular_display.mov,0071_0011.png,video-597_singular_display_f0243.png
71,12,265,aleatorio,data/raw/17Abril/video-597_singular_display.mov,0071_0012.png,video-597_singular_display_f0265.png
71,13,287,aleatorio,data/raw/17Abril/video-597_singular_display.mov,0071_0013.png,video-597_singular_display_f0287.png
71,14,309,aleatorio,data/raw/17Abril/video-597_singular_display.mov,0071_0014.png,video-597_singular_display_f0309.png
71,15,331,aleatorio,data/raw/17Abril/video-597_singular_display.mov,0071_0015.png,video-597_singular_display_f0331.png
71,16,353,aleatorio,data/raw/17Abril/video-597_singular_display.mov,0071_0016.png,video-597_singular_display_f0353.png
71,17,375,aleatorio,data/raw/17Abril/video-597_singular_display.mov,0071_0017.png,video-597_singular_display_f0375.png
71,18,397,aleatorio,data/raw/17Abril/video-597_singular_display.mov,0071_0018.png,video-597_singular_display_f0397.png
71,19,419,aleatorio,data/raw/17Abril/video-597_singular_display.mov,0071_0019.png,video-597_singular_display_f0419.png
71,20,441,aleatorio,data/raw/17Abril/video-597_singular_display.mov,0071_0020.png,video-597_singular_display_f0441.png
71,21,463,aleatorio,data/raw/17Abril/video-597_singular_display.mov,0071_0021.png,video-597_singular_display_f0463.png
71,22,486,aleatorio,data/raw/17Abril/video-597_singular_display.mov,0071_0022.png,video-597_singular_display_f0486.png
71,23,508,aleatorio,data/raw/17Abril/video-597_singular_display.mov,0071_0023.png,video-597_singular_display_f0508.png
71,24,530,aleatorio,data/raw/17Abril/video-597_singular_display.mov,0071_0024.png,video-597_singular_display_f0530.png
71,25,552,aleatorio,data/raw/17Abril/video-597_singular_display.mov,0071_0025.png,video-597_singular_display_f0552.png
71,26,574,aleatorio,data/raw/17Abril/video-597_singular_display.mov,0071_0026.png,video-597_singular_display_f0574.png
71,27,596,aleatorio,data/raw/17Abril/video-597_singular_display.mov,0071_0027.png,video-597_singular_display_f0596.png
71,28,618,aleatorio,data/raw/17Abril/video-597_singular_display.mov,0071_0028.png,video-597_singular_display_f0618.png
71,29,640,aleatorio,data/raw/17Abril/video-597_singular_display.mov,0071_0029.png,video-597_singular_display_f0640.png
78,0,0,aleatorio,data/raw/17Abril/video-688_singular_display.mov,0078_0000.png,video-688_singular_display_f0000.png
78,1,87,aleatorio,data/raw/17Abril/video-688_singular_display.mov,0078_0001.png,video-688_singular_display_f0087.png
78,2,174,aleatorio,data/raw/17Abril/video-688_singular_display.mov,0078_0002.png,video-688_singular_display_f0174.png
78,3,261,aleatorio,data/raw/17Abril/video-688_singular_display.mov,0078_0003.png,video-688_singular_display_f0261.png
78,4,349,aleatorio,data/raw/17Abril/video-688_singular_display.mov,0078_0004.png,video-688_singular_display_f0349.png
78,5,436,aleatorio,data/raw/17Abril/video-688_singular_display.mov,0078_0005.png,video-688_singular_display_f0436.png
78,6,523,aleatorio,data/raw/17Abril/video-688_singular_display.mov,0078_0006.png,video-688_singular_display_f0523.png
78,7,610,aleatorio,data/raw/17Abril/video-688_singular_display.mov,0078_0007.png,video-688_singular_display_f0610.png
78,8,697,aleatorio,data/raw/17Abril/video-688_singular_display.mov,0078_0008.png,video-688_singular_display_f0697.png
78,9,784,aleatorio,data/raw/17Abril/video-688_singular_display.mov,0078_0009.png,video-688_singular_display_f0784.png
78,10,871,aleatorio,data/raw/17Abril/video-688_singular_display.mov,0078_0010.png,video-688_singular_display_f0871.png
78,11,959,aleatorio,data/raw/17Abril/video-688_singular_display.mov,0078_0011.png,video-688_singular_display_f0959.png
78,12,1046,aleatorio,data/raw/17Abril/video-688_singular_display.mov,0078_0012.png,video-688_singular_display_f1046.png
78,13,1133,aleatorio,data/raw/17Abril/video-688_singular_display.mov,0078_0013.png,video-688_singular_display_f1133.png
78,14,1220,aleatorio,data/raw/17Abril/video-688_singular_display.mov,0078_0014.png,video-688_singular_display_f1220.png
78,15,1307,aleatorio,data/raw/17Abril/video-688_singular_display.mov,0078_0015.png,video-688_singular_display_f1307.png
78,16,1394,aleatorio,data/raw/17Abril/video-688_singular_display.mov,0078_0016.png,video-688_singular_display_f1394.png
78,17,1481,aleatorio,data/raw/17Abril/video-688_singular_display.mov,0078_0017.png,video-688_singular_display_f1481.png
78,18,1568,aleatorio,data/raw/17Abril/video-688_singular_display.mov,0078_0018.png,video-688_singular_display_f1568.png
78,19,1656,aleatorio,data/raw/17Abril/video-688_singular_display.mov,0078_0019.png,video-688_singular_display_f1656.png
78,20,1743,aleatorio,data/raw/17Abril/video-688_singular_display.mov,0078_0020.png,video-688_singular_display_f1743.png
78,21,1830,aleatorio,data/raw/17Abril/video-688_singular_display.mov,0078_0021.png,video-688_singular_display_f1830.png
78,22,1917,aleatorio,data/raw/17Abril/video-688_singular_display.mov,0078_0022.png,video-688_singular_display_f1917.png
78,23,2004,aleatorio,data/raw/17Abril/video-688_singular_display.mov,0078_0023.png,video-688_singular_display_f2004.png
78,24,2091,aleatorio,data/raw/17Abril/video-688_singular_display.mov,0078_0024.png,video-688_singular_display_f2091.png
78,25,2178,aleatorio,data/raw/17Abril/video-688_singular_display.mov,0078_0025.png,video-688_singular_display_f2178.png
78,26,2266,aleatorio,data/raw/17Abril/video-688_singular_display.mov,0078_0026.png,video-688_singular_display_f2266.png
78,27,2353,aleatorio,data/raw/17Abril/video-688_singular_display.mov,0078_0027.png,video-688_singular_display_f2353.png
78,28,2440,aleatorio,data/raw/17Abril/video-688_singular_display.mov,0078_0028.png,video-688_singular_display_f2440.png
78,29,2527,aleatorio,data/raw/17Abril/video-688_singular_display.mov,0078_0029.png,video-688_singular_display_f2527.png
82,0,0,aleatorio,data/raw/17Abril/video-714_singular_display.mov,0082_0000.png,video-714_singular_display_f0000.png
82,1,71,aleatorio,data/raw/17Abril/video-714_singular_display.mov,0082_0001.png,video-714_singular_display_f0071.png
82,2,142,aleatorio,data/raw/17Abril/video-714_singular_display.mov,0082_0002.png,video-714_singular_display_f0142.png
82,3,212,aleatorio,data/raw/17Abril/video-714_singular_display.mov,0082_0003.png,video-714_singular_display_f0212.png
82,4,283,aleatorio,data/raw/17Abril/video-714_singular_display.mov,0082_0004.png,video-714_singular_display_f0283.png
82,5,354,aleatorio,data/raw/17Abril/video-714_singular_display.mov,0082_0005.png,video-714_singular_display_f0354.png
82,6,425,aleatorio,data/raw/17Abril/video-714_singular_display.mov,0082_0006.png,video-714_singular_display_f0425.png
82,7,495,aleatorio,data/raw/17Abril/video-714_singular_display.mov,0082_0007.png,video-714_singular_display_f0495.png
82,8,566,aleatorio,data/raw/17Abril/video-714_singular_display.mov,0082_0008.png,video-714_singular_display_f0566.png
82,9,637,aleatorio,data/raw/17Abril/video-714_singular_display.mov,0082_0009.png,video-714_singular_display_f0637.png
82,10,708,aleatorio,data/raw/17Abril/video-714_singular_display.mov,0082_0010.png,video-714_singular_display_f0708.png
82,11,778,aleatorio,data/raw/17Abril/video-714_singular_display.mov,0082_0011.png,video-714_singular_display_f0778.png
82,12,849,aleatorio,data/raw/17Abril/video-714_singular_display.mov,0082_0012.png,video-714_singular_display_f0849.png
82,13,920,aleatorio,data/raw/17Abril/video-714_singular_display.mov,0082_0013.png,video-714_singular_display_f0920.png
82,14,991,aleatorio,data/raw/17Abril/video-714_singular_display.mov,0082_0014.png,video-714_singular_display_f0991.png
82,15,1061,aleatorio,data/raw/17Abril/video-714_singular_display.mov,0082_0015.png,video-714_singular_display_f1061.png
82,16,1132,aleatorio,data/raw/17Abril/video-714_singular_display.mov,0082_0016.png,video-714_singular_display_f1132.png
82,17,1203,aleatorio,data/raw/17Abril/video-714_singular_display.mov,0082_0017.png,video-714_singular_display_f1203.png
82,18,1274,aleatorio,data/raw/17Abril/video-714_singular_display.mov,0082_0018.png,video-714_singular_display_f1274.png
82,19,1344,aleatorio,data/raw/17Abril/video-714_singular_display.mov,0082_0019.png,video-714_singular_display_f1344.png
82,20,1415,aleatorio,data/raw/17Abril/video-714_singular_display.mov,0082_0020.png,video-714_singular_display_f1415.png
82,21,1486,aleatorio,data/raw/17Abril/video-714_singular_display.mov,0082_0021.png,video-714_singular_display_f1486.png
82,22,1557,aleatorio,data/raw/17Abril/video-714_singular_display.mov,0082_0022.png,video-714_singular_display_f1557.png
82,23,1627,aleatorio,data/raw/17Abril/video-714_singular_display.mov,0082_0023.png,video-714_singular_display_f1627.png
82,24,1698,aleatorio,data/raw/17Abril/video-714_singular_display.mov,0082_0024.png,video-714_singular_display_f1698.png
82,25,1769,aleatorio,data/raw/17Abril/video-714_singular_display.mov,0082_0025.png,video-714_singular_display_f1769.png
82,26,1840,aleatorio,data/raw/17Abril/video-714_singular_display.mov,0082_0026.png,video-714_singular_display_f1840.png
82,27,1910,aleatorio,data/raw/17Abril/video-714_singular_display.mov,0082_0027.png,video-714_singular_display_f1910.png
82,28,1981,aleatorio,data/raw/17Abril/video-714_singular_display.mov,0082_0028.png,video-714_singular_display_f1981.png
82,29,2052,aleatorio,data/raw/17Abril/video-714_singular_display.mov,0082_0029.png,video-714_singular_display_f2052.png
84,0,0,aleatorio,data/raw/17Abril/video-836_singular_display.mov,0084_0000.png,video-836_singular_display_f0000.png
84,1,10,aleatorio,data/raw/17Abril/video-836_singular_display.mov,0084_0001.png,video-836_singular_display_f0010.png
84,2,20,aleatorio,data/raw/17Abril/video-836_singular_display.mov,0084_0002.png,video-836_singular_display_f0020.png
84,3,29,aleatorio,data/raw/17Abril/video-836_singular_display.mov,0084_0003.png,video-836_singular_display_f0029.png
84,4,39,aleatorio,data/raw/17Abril/video-836_singular_display.mov,0084_0004.png,video-836_singular_display_f0039.png
84,5,49,aleatorio,data/raw/17Abril/video-836_singular_display.mov,0084_0005.png,video-836_singular_display_f0049.png
84,6,59,aleatorio,data/raw/17Abril/video-836_singular_display.mov,0084_0006.png,video-836_singular_display_f0059.png
84,7,69,aleatorio,data/raw/17Abril/video-836_singular_display.mov,0084_0007.png,video-836_singular_display_f0069.png
84,8,79,aleatorio,data/raw/17Abril/video-836_singular_display.mov,0084_0008.png,video-836_singular_display_f0079.png
84,9,88,aleatorio,data/raw/17Abril/video-836_singular_display.mov,0084_0009.png,video-836_singular_display_f0088.png
84,10,98,aleatorio,data/raw/17Abril/video-836_singular_display.mov,0084_0010.png,video-836_singular_display_f0098.png
84,11,108,aleatorio,data/raw/17Abril/video-836_singular_display.mov,0084_0011.png,video-836_singular_display_f0108.png
84,12,118,aleatorio,data/raw/17Abril/video-836_singular_display.mov,0084_0012.png,video-836_singular_display_f0118.png
84,13,128,aleatorio,data/raw/17Abril/video-836_singular_display.mov,0084_0013.png,video-836_singular_display_f0128.png
84,14,138,aleatorio,data/raw/17Abril/video-836_singular_display.mov,0084_0014.png,video-836_singular_display_f0138.png
84,15,147,aleatorio,data/raw/17Abril/video-836_singular_display.mov,0084_0015.png,video-836_singular_display_f0147.png
84,16,157,aleatorio,data/raw/17Abril/video-836_singular_display.mov,0084_0016.png,video-836_singular_display_f0157.png
84,17,167,aleatorio,data/raw/17Abril/video-836_singular_display.mov,0084_0017.png,video-836_singular_display_f0167.png
84,18,177,aleatorio,data/raw/17Abril/video-836_singular_display.mov,0084_0018.png,video-836_singular_display_f0177.png
84,19,187,aleatorio,data/raw/17Abril/video-836_singular_display.mov,0084_0019.png,video-836_singular_display_f0187.png
84,20,197,aleatorio,data/raw/17Abril/video-836_singular_display.mov,0084_0020.png,video-836_singular_display_f0197.png
84,21,206,aleatorio,data/raw/17Abril/video-836_singular_display.mov,0084_0021.png,video-836_singular_display_f0206.png
84,22,216,aleatorio,data/raw/17Abril/video-836_singular_display.mov,0084_0022.png,video-836_singular_display_f0216.png
84,23,226,aleatorio,data/raw/17Abril/video-836_singular_display.mov,0084_0023.png,video-836_singular_display_f0226.png
84,24,236,aleatorio,data/raw/17Abril/video-836_singular_display.mov,0084_0024.png,video-836_singular_display_f0236.png
84,25,246,aleatorio,data/raw/17Abril/video-836_singular_display.mov,0084_0025.png,video-836_singular_display_f0246.png
84,26,256,aleatorio,data/raw/17Abril/video-836_singular_display.mov,0084_0026.png,video-836_singular_display_f0256.png
84,27,265,aleatorio,data/raw/17Abril/video-836_singular_display.mov,0084_0027.png,video-836_singular_display_f0265.png
84,28,275,aleatorio,data/raw/17Abril/video-836_singular_display.mov,0084_0028.png,video-836_singular_display_f0275.png
84,29,285,aleatorio,data/raw/17Abril/video-836_singular_display.mov,0084_0029.png,video-836_singular_display_f0285.png
88,0,0,cenital,data/raw/18abril/Camara_superior/IMG_9933.MOV,0088_0000.png,IMG_9933_f0000.png
88,1,803,cenital,data/raw/18abril/Camara_superior/IMG_9933.MOV,0088_0001.png,IMG_9933_f0803.png
88,2,1605,cenital,data/raw/18abril/Camara_superior/IMG_9933.MOV,0088_0002.png,IMG_9933_f1605.png
88,3,2408,cenital,data/raw/18abril/Camara_superior/IMG_9933.MOV,0088_0003.png,IMG_9933_f2408.png
88,4,3211,cenital,data/raw/18abril/Camara_superior/IMG_9933.MOV,0088_0004.png,IMG_9933_f3211.png
88,5,4013,cenital,data/raw/18abril/Camara_superior/IMG_9933.MOV,0088_0005.png,IMG_9933_f4013.png
88,6,4816,cenital,data/raw/18abril/Camara_superior/IMG_9933.MOV,0088_0006.png,IMG_9933_f4816.png
88,7,5619,cenital,data/raw/18abril/Camara_superior/IMG_9933.MOV,0088_0007.png,IMG_9933_f5619.png
88,8,6421,cenital,data/raw/18abril/Camara_superior/IMG_9933.MOV,0088_0008.png,IMG_9933_f6421.png
88,9,7224,cenital,data/raw/18abril/Camara_superior/IMG_9933.MOV,0088_0009.png,IMG_9933_f7224.png
88,10,8027,cenital,data/raw/18abril/Camara_superior/IMG_9933.MOV,0088_0010.png,IMG_9933_f8027.png
88,11,8829,cenital,data/raw/18abril/Camara_superior/IMG_9933.MOV,0088_0011.png,IMG_9933_f8829.png
88,12,9632,cenital,data/raw/18abril/Camara_superior/IMG_9933.MOV,0088_0012.png,IMG_9933_f9632.png
88,13,10435,cenital,data/raw/18abril/Camara_superior/IMG_9933.MOV,0088_0013.png,IMG_9933_f10435.png
88,14,11237,cenital,data/raw/18abril/Camara_superior/IMG_9933.MOV,0088_0014.png,IMG_9933_f11237.png
88,15,12040,cenital,data/raw/18abril/Camara_superior/IMG_9933.MOV,0088_0015.png,IMG_9933_f12040.png
88,16,12842,cenital,data/raw/18abril/Camara_superior/IMG_9933.MOV,0088_0016.png,IMG_9933_f12842.png
88,17,13645,cenital,data/raw/18abril/Camara_superior/IMG_9933.MOV,0088_0017.png,IMG_9933_f13645.png
88,18,14448,cenital,data/raw/18abril/Camara_superior/IMG_9933.MOV,0088_0018.png,IMG_9933_f14448.png
88,19,15250,cenital,data/raw/18abril/Camara_superior/IMG_9933.MOV,0088_0019.png,IMG_9933_f15250.png
88,20,16053,cenital,data/raw/18abril/Camara_superior/IMG_9933.MOV,0088_0020.png,IMG_9933_f16053.png
88,21,16856,cenital,data/raw/18abril/Camara_superior/IMG_9933.MOV,0088_0021.png,IMG_9933_f16856.png
88,22,17658,cenital,data/raw/18abril/Camara_superior/IMG_9933.MOV,0088_0022.png,IMG_9933_f17658.png
88,23,18461,cenital,data/raw/18abril/Camara_superior/IMG_9933.MOV,0088_0023.png,IMG_9933_f18461.png
88,24,19264,cenital,data/raw/18abril/Camara_superior/IMG_9933.MOV,0088_0024.png,IMG_9933_f19264.png
88,25,20066,cenital,data/raw/18abril/Camara_superior/IMG_9933.MOV,0088_0025.png,IMG_9933_f20066.png
88,26,20869,cenital,data/raw/18abril/Camara_superior/IMG_9933.MOV,0088_0026.png,IMG_9933_f20869.png
88,27,21672,cenital,data/raw/18abril/Camara_superior/IMG_9933.MOV,0088_0027.png,IMG_9933_f21672.png
88,28,22474,cenital,data/raw/18abril/Camara_superior/IMG_9933.MOV,0088_0028.png,IMG_9933_f22474.png
88,29,23277,cenital,data/raw/18abril/Camara_superior/IMG_9933.MOV,0088_0029.png,IMG_9933_f23277.png
89,0,0,cenital,data/raw/18abril/Camara_superior/IMG_9938.MOV,0089_0000.png,IMG_9938_f0000.png
89,1,669,cenital,data/raw/18abril/Camara_superior/IMG_9938.MOV,0089_0001.png,IMG_9938_f0669.png
89,2,1338,cenital,data/raw/18abril/Camara_superior/IMG_9938.MOV,0089_0002.png,IMG_9938_f1338.png
89,3,2008,cenital,data/raw/18abril/Camara_superior/IMG_9938.MOV,0089_0003.png,IMG_9938_f2008.png
89,4,2677,cenital,data/raw/18abril/Camara_superior/IMG_9938.MOV,0089_0004.png,IMG_9938_f2677.png
89,5,3346,cenital,data/raw/18abril/Camara_superior/IMG_9938.MOV,0089_0005.png,IMG_9938_f3346.png
89,6,4015,cenital,data/raw/18abril/Camara_superior/IMG_9938.MOV,0089_0006.png,IMG_9938_f4015.png
89,7,4684,cenital,data/raw/18abril/Camara_superior/IMG_9938.MOV,0089_0007.png,IMG_9938_f4684.png
89,8,5353,cenital,data/raw/18abril/Camara_superior/IMG_9938.MOV,0089_0008.png,IMG_9938_f5353.png
89,9,6023,cenital,data/raw/18abril/Camara_superior/IMG_9938.MOV,0089_0009.png,IMG_9938_f6023.png
89,10,6692,cenital,data/raw/18abril/Camara_superior/IMG_9938.MOV,0089_0010.png,IMG_9938_f6692.png
89,11,7361,cenital,data/raw/18abril/Camara_superior/IMG_9938.MOV,0089_0011.png,IMG_9938_f7361.png
89,12,8030,cenital,data/raw/18abril/Camara_superior/IMG_9938.MOV,0089_0012.png,IMG_9938_f8030.png
89,13,8699,cenital,data/raw/18abril/Camara_superior/IMG_9938.MOV,0089_0013.png,IMG_9938_f8699.png
89,14,9368,cenital,data/raw/18abril/Camara_superior/IMG_9938.MOV,0089_0014.png,IMG_9938_f9368.png
89,15,10038,cenital,data/raw/18abril/Camara_superior/IMG_9938.MOV,0089_0015.png,IMG_9938_f10038.png
89,16,10707,cenital,data/raw/18abril/Camara_superior/IMG_9938.MOV,0089_0016.png,IMG_9938_f10707.png
89,17,11376,cenital,data/raw/18abril/Camara_superior/IMG_9938.MOV,0089_0017.png,IMG_9938_f11376.png
89,18,12045,cenital,data/raw/18abril/Camara_superior/IMG_9938.MOV,0089_0018.png,IMG_9938_f12045.png
89,19,12714,cenital,data/raw/18abril/Camara_superior/IMG_9938.MOV,0089_0019.png,IMG_9938_f12714.png
89,20,13383,cenital,data/raw/18abril/Camara_superior/IMG_9938.MOV,0089_0020.png,IMG_9938_f13383.png
89,21,14053,cenital,data/raw/18abril/Camara_superior/IMG_9938.MOV,0089_0021.png,IMG_9938_f14053.png
89,22,14722,cenital,data/raw/18abril/Camara_superior/IMG_9938.MOV,0089_0022.png,IMG_9938_f14722.png
89,23,15391,cenital,data/raw/18abril/Camara_superior/IMG_9938.MOV,0089_0023.png,IMG_9938_f15391.png
89,24,16060,cenital,data/raw/18abril/Camara_superior/IMG_9938.MOV,0089_0024.png,IMG_9938_f16060.png
89,25,16729,cenital,data/raw/18abril/Camara_superior/IMG_9938.MOV,0089_0025.png,IMG_9938_f16729.png
89,26,17398,cenital,data/raw/18abril/Camara_superior/IMG_9938.MOV,0089_0026.png,IMG_9938_f17398.png
89,27,18068,cenital,data/raw/18abril/Camara_superior/IMG_9938.MOV,0089_0027.png,IMG_9938_f18068.png
89,28,18737,cenital,data/raw/18abril/Camara_superior/IMG_9938.MOV,0089_0028.png,IMG_9938_f18737.png
89,29,19406,cenital,data/raw/18abril/Camara_superior/IMG_9938.MOV,0089_0029.png,IMG_9938_f19406.png
90,0,0,aleatorio,data/raw/18abril/Cámaras/IMG_9913.MOV,0090_0000.png,IMG_9913_f0000.png
90,1,20,aleatorio,data/raw/18abril/Cámaras/IMG_9913.MOV,0090_0001.png,IMG_9913_f0020.png
90,2,41,aleatorio,data/raw/18abril/Cámaras/IMG_9913.MOV,0090_0002.png,IMG_9913_f0041.png
90,3,61,aleatorio,data/raw/18abril/Cámaras/IMG_9913.MOV,0090_0003.png,IMG_9913_f0061.png
90,4,82,aleatorio,data/raw/18abril/Cámaras/IMG_9913.MOV,0090_0004.png,IMG_9913_f0082.png
90,5,102,aleatorio,data/raw/18abril/Cámaras/IMG_9913.MOV,0090_0005.png,IMG_9913_f0102.png
90,6,123,aleatorio,data/raw/18abril/Cámaras/IMG_9913.MOV,0090_0006.png,IMG_9913_f0123.png
90,7,143,aleatorio,data/raw/18abril/Cámaras/IMG_9913.MOV,0090_0007.png,IMG_9913_f0143.png
90,8,164,aleatorio,data/raw/18abril/Cámaras/IMG_9913.MOV,0090_0008.png,IMG_9913_f0164.png
90,9,184,aleatorio,data/raw/18abril/Cámaras/IMG_9913.MOV,0090_0009.png,IMG_9913_f0184.png
90,10,205,aleatorio,data/raw/18abril/Cámaras/IMG_9913.MOV,0090_0010.png,IMG_9913_f0205.png
90,11,225,aleatorio,data/raw/18abril/Cámaras/IMG_9913.MOV,0090_0011.png,IMG_9913_f0225.png
90,12,246,aleatorio,data/raw/18abril/Cámaras/IMG_9913.MOV,0090_0012.png,IMG_9913_f0246.png
90,13,266,aleatorio,data/raw/18abril/Cámaras/IMG_9913.MOV,0090_0013.png,IMG_9913_f0266.png
90,14,287,aleatorio,data/raw/18abril/Cámaras/IMG_9913.MOV,0090_0014.png,IMG_9913_f0287.png
90,15,307,aleatorio,data/raw/18abril/Cámaras/IMG_9913.MOV,0090_0015.png,IMG_9913_f0307.png
90,16,328,aleatorio,data/raw/18abril/Cámaras/IMG_9913.MOV,0090_0016.png,IMG_9913_f0328.png
90,17,348,aleatorio,data/raw/18abril/Cámaras/IMG_9913.MOV,0090_0017.png,IMG_9913_f0348.png
90,18,369,aleatorio,data/raw/18abril/Cámaras/IMG_9913.MOV,0090_0018.png,IMG_9913_f0369.png
90,19,389,aleatorio,data/raw/18abril/Cámaras/IMG_9913.MOV,0090_0019.png,IMG_9913_f0389.png
90,20,410,aleatorio,data/raw/18abril/Cámaras/IMG_9913.MOV,0090_0020.png,IMG_9913_f0410.png
90,21,430,aleatorio,data/raw/18abril/Cámaras/IMG_9913.MOV,0090_0021.png,IMG_9913_f0430.png
90,22,451,aleatorio,data/raw/18abril/Cámaras/IMG_9913.MOV,0090_0022.png,IMG_9913_f0451.png
90,23,471,aleatorio,data/raw/18abril/Cámaras/IMG_9913.MOV,0090_0023.png,IMG_9913_f0471.png
90,24,492,aleatorio,data/raw/18abril/Cámaras/IMG_9913.MOV,0090_0024.png,IMG_9913_f0492.png
90,25,512,aleatorio,data/raw/18abril/Cámaras/IMG_9913.MOV,0090_0025.png,IMG_9913_f0512.png
90,26,533,aleatorio,data/raw/18abril/Cámaras/IMG_9913.MOV,0090_0026.png,IMG_9913_f0533.png
90,27,553,aleatorio,data/raw/18abril/Cámaras/IMG_9913.MOV,0090_0027.png,IMG_9913_f0553.png
90,28,574,aleatorio,data/raw/18abril/Cámaras/IMG_9913.MOV,0090_0028.png,IMG_9913_f0574.png
90,29,594,aleatorio,data/raw/18abril/Cámaras/IMG_9913.MOV,0090_0029.png,IMG_9913_f0594.png
94,0,0,aleatorio,data/raw/18abril/video-1054_singular_display.mov,0094_0000.png,video-1054_singular_display_f0000.png
94,1,228,aleatorio,data/raw/18abril/video-1054_singular_display.mov,0094_0001.png,video-1054_singular_display_f0228.png
94,2,456,aleatorio,data/raw/18abril/video-1054_singular_display.mov,0094_0002.png,video-1054_singular_display_f0456.png
94,3,683,aleatorio,data/raw/18abril/video-1054_singular_display.mov,0094_0003.png,video-1054_singular_display_f0683.png
94,4,911,aleatorio,data/raw/18abril/video-1054_singular_display.mov,0094_0004.png,video-1054_singular_display_f0911.png
94,5,1139,aleatorio,data/raw/18abril/video-1054_singular_display.mov,0094_0005.png,video-1054_singular_display_f1139.png
94,6,1367,aleatorio,data/raw/18abril/video-1054_singular_display.mov,0094_0006.png,video-1054_singular_display_f1367.png
94,7,1595,aleatorio,data/raw/18abril/video-1054_singular_display.mov,0094_0007.png,video-1054_singular_display_f1595.png
94,8,1823,aleatorio,data/raw/18abril/video-1054_singular_display.mov,0094_0008.png,video-1054_singular_display_f1823.png
94,9,2050,aleatorio,data/raw/18abril/video-1054_singular_display.mov,0094_0009.png,video-1054_singular_display_f2050.png
94,10,2278,aleatorio,data/raw/18abril/video-1054_singular_display.mov,0094_0010.png,video-1054_singular_display_f2278.png
94,11,2506,aleatorio,data/raw/18abril/video-1054_singular_display.mov,0094_0011.png,video-1054_singular_display_f2506.png
94,12,2734,aleatorio,data/raw/18abril/video-1054_singular_display.mov,0094_0012.png,video-1054_singular_display_f2734.png
94,13,2962,aleatorio,data/raw/18abril/video-1054_singular_display.mov,0094_0013.png,video-1054_singular_display_f2962.png
94,14,3190,aleatorio,data/raw/18abril/video-1054_singular_display.mov,0094_0014.png,video-1054_singular_display_f3190.png
94,15,3417,aleatorio,data/raw/18abril/video-1054_singular_display.mov,0094_0015.png,video-1054_singular_display_f3417.png
94,16,3645,aleatorio,data/raw/18abril/video-1054_singular_display.mov,0094_0016.png,video-1054_singular_display_f3645.png
94,17,3873,aleatorio,data/raw/18abril/video-1054_singular_display.mov,0094_0017.png,video-1054_singular_display_f3873.png
94,18,4101,aleatorio,data/raw/18abril/video-1054_singular_display.mov,0094_0018.png,video-1054_singular_display_f4101.png
94,19,4329,aleatorio,data/raw/18abril/video-1054_singular_display.mov,0094_0019.png,video-1054_singular_display_f4329.png
94,20,4557,aleatorio,data/raw/18abril/video-1054_singular_display.mov,0094_0020.png,video-1054_singular_display_f4557.png
94,21,4784,aleatorio,data/raw/18abril/video-1054_singular_display.mov,0094_0021.png,video-1054_singular_display_f4784.png
94,22,5012,aleatorio,data/raw/18abril/video-1054_singular_display.mov,0094_0022.png,video-1054_singular_display_f5012.png
94,23,5240,aleatorio,data/raw/18abril/video-1054_singular_display.mov,0094_0023.png,video-1054_singular_display_f5240.png
94,24,5468,aleatorio,data/raw/18abril/video-1054_singular_display.mov,0094_0024.png,video-1054_singular_display_f5468.png
94,25,5696,aleatorio,data/raw/18abril/video-1054_singular_display.mov,0094_0025.png,video-1054_singular_display_f5696.png
94,26,5924,aleatorio,data/raw/18abril/video-1054_singular_display.mov,0094_0026.png,video-1054_singular_display_f5924.png
94,27,6151,aleatorio,data/raw/18abril/video-1054_singular_display.mov,0094_0027.png,video-1054_singular_display_f6151.png
94,28,6379,aleatorio,data/raw/18abril/video-1054_singular_display.mov,0094_0028.png,video-1054_singular_display_f6379.png
94,29,6607,aleatorio,data/raw/18abril/video-1054_singular_display.mov,0094_0029.png,video-1054_singular_display_f6607.png
95,0,0,aleatorio,data/raw/18abril/video-1080_singular_display.mov,0095_0000.png,video-1080_singular_display_f0000.png
95,1,49,aleatorio,data/raw/18abril/video-1080_singular_display.mov,0095_0001.png,video-1080_singular_display_f0049.png
95,2,98,aleatorio,data/raw/18abril/video-1080_singular_display.mov,0095_0002.png,video-1080_singular_display_f0098.png
95,3,147,aleatorio,data/raw/18abril/video-1080_singular_display.mov,0095_0003.png,video-1080_singular_display_f0147.png
95,4,196,aleatorio,data/raw/18abril/video-1080_singular_display.mov,0095_0004.png,video-1080_singular_display_f0196.png
95,5,246,aleatorio,data/raw/18abril/video-1080_singular_display.mov,0095_0005.png,video-1080_singular_display_f0246.png
95,6,295,aleatorio,data/raw/18abril/video-1080_singular_display.mov,0095_0006.png,video-1080_singular_display_f0295.png
95,7,344,aleatorio,data/raw/18abril/video-1080_singular_display.mov,0095_0007.png,video-1080_singular_display_f0344.png
95,8,393,aleatorio,data/raw/18abril/video-1080_singular_display.mov,0095_0008.png,video-1080_singular_display_f0393.png
95,9,442,aleatorio,data/raw/18abril/video-1080_singular_display.mov,0095_0009.png,video-1080_singular_display_f0442.png
95,10,491,aleatorio,data/raw/18abril/video-1080_singular_display.mov,0095_0010.png,video-1080_singular_display_f0491.png
95,11,540,aleatorio,data/raw/18abril/video-1080_singular_display.mov,0095_0011.png,video-1080_singular_display_f0540.png
95,12,589,aleatorio,data/raw/18abril/video-1080_singular_display.mov,0095_0012.png,video-1080_singular_display_f0589.png
95,13,638,aleatorio,data/raw/18abril/video-1080_singular_display.mov,0095_0013.png,video-1080_singular_display_f0638.png
95,14,687,aleatorio,data/raw/18abril/video-1080_singular_display.mov,0095_0014.png,video-1080_singular_display_f0687.png
95,15,737,aleatorio,data/raw/18abril/video-1080_singular_display.mov,0095_0015.png,video-1080_singular_display_f0737.png
95,16,786,aleatorio,data/raw/18abril/video-1080_singular_display.mov,0095_0016.png,video-1080_singular_display_f0786.png
95,17,835,aleatorio,data/raw/18abril/video-1080_singular_display.mov,0095_0017.png,video-1080_singular_display_f0835.png
95,18,884,aleatorio,data/raw/18abril/video-1080_singular_display.mov,0095_0018.png,video-1080_singular_display_f0884.png
95,19,933,aleatorio,data/raw/18abril/video-1080_singular_display.mov,0095_0019.png,video-1080_singular_display_f0933.png
95,20,982,aleatorio,data/raw/18abril/video-1080_singular_display.mov,0095_0020.png,video-1080_singular_display_f0982.png
95,21,1031,aleatorio,data/raw/18abril/video-1080_singular_display.mov,0095_0021.png,video-1080_singular_display_f1031.png
95,22,1080,aleatorio,data/raw/18abril/video-1080_singular_display.mov,0095_0022.png,video-1080_singular_display_f1080.png
95,23,1129,aleatorio,data/raw/18abril/video-1080_singular_display.mov,0095_0023.png,video-1080_singular_display_f1129.png
95,24,1178,aleatorio,data/raw/18abril/video-1080_singular_display.mov,0095_0024.png,video-1080_singular_display_f1178.png
95,25,1228,aleatorio,data/raw/18abril/video-1080_singular_display.mov,0095_0025.png,video-1080_singular_display_f1228.png
95,26,1277,aleatorio,data/raw/18abril/video-1080_singular_display.mov,0095_0026.png,video-1080_singular_display_f1277.png
95,27,1326,aleatorio,data/raw/18abril/video-1080_singular_display.mov,0095_0027.png,video-1080_singular_display_f1326.png
95,28,1375,aleatorio,data/raw/18abril/video-1080_singular_display.mov,0095_0028.png,video-1080_singular_display_f1375.png
95,29,1424,aleatorio,data/raw/18abril/video-1080_singular_display.mov,0095_0029.png,video-1080_singular_display_f1424.png
